0,examples/2player/accelerator.txt
1,examples/2player/akkaarrh.txt
2,examples/2player/aliens.txt
3,examples/2player/asteroids.txt
4,examples/2player/beekeeper.txt
5,examples/2player/bombergirl.txt
6,examples/2player/breedingdragons.txt
7,examples/2player/captureflag.txt
8,examples/2player/circuit.txt
9,examples/2player/competesokoban.txt
10,examples/2player/copsNrobbers.txt
11,examples/2player/donkeykong.txt
12,examples/2player/dragonattack.txt
13,examples/2player/drowning.txt
14,examples/2player/egghunt.txt
15,examples/2player/escape2p.txt
16,examples/2player/fatty.txt
17,examples/2player/firetruck.txt
18,examples/2player/football.txt
19,examples/2player/ghostbusters.txt
20,examples/2player/gotcha.txt
21,examples/2player/hunger-games.txt
22,examples/2player/isawsanta.txt
23,examples/2player/klax.txt
24,examples/2player/mimic.txt
25,examples/2player/minesweeper.txt
26,examples/2player/minions.txt
27,examples/2player/oopsbrokeit.txt
28,examples/2player/portals.txt
29,examples/2player/reflection.txt
30,examples/2player/rivalry.txt
31,examples/2player/rockpaperscissors.txt
32,examples/2player/romeoNjuliet.txt
33,examples/2player/samaritan.txt
34,examples/2player/sokoban.txt
35,examples/2player/spotted.txt
36,examples/2player/steeplechase.txt
37,examples/2player/teamescape.txt
38,examples/2player/thebridge.txt
39,examples/2player/towerdefense.txt
40,examples/2player/trainride.txt
41,examples/2player/trains.txt
42,examples/2player/treasuremap.txt
43,examples/2player/tron.txt
44,examples/2player/upchess.txt
45,examples/2player/upgrade-x.txt
46,examples/2player/uphigh.txt
47,examples/2player/warzone.txt
48,examples/2player/watchout.txt
49,examples/2player/wheelme.txt